location_id,borough,zona,cantidad_viajes,ingresos_totales,importe_promedio,distancia_promedio,duracion_promedio
132,Queens,JFK Airport,145457,11430997.6,78.59,14.77,39.37
138,Queens,LaGuardia Airport,86100,5998248.68,69.67,9.63,31.04
161,Manhattan,Midtown Center,146618,3959926.59,27.01,2.38,15.87
230,Manhattan,Times Sq/Theatre District,104249,3176546.85,30.47,3.07,17.66
186,Manhattan,Penn Station/Madison Sq West,113244,3058805.24,27.01,2.44,17.25
237,Manhattan,Upper East Side South,134357,2932226.65,21.82,1.86,12.42
162,Manhattan,Midtown East,108544,2813969.26,25.92,2.33,15.16
68,Manhattan,East Chelsea,91537,2549386.73,27.85,2.72,17.13
236,Manhattan,Upper East Side North,112556,2541740.85,22.58,2.2,12.76
170,Manhattan,Murray Hill,92609,2358957.91,25.47,2.38,15.08
142,Manhattan,Lincoln Square East,93297,2209155.2,23.68,2.34,13.56
163,Manhattan,Midtown North,82919,2206152.15,26.61,2.47,15.62
79,Manhattan,East Village,86655,2182660.83,25.19,2.84,15.22
234,Manhattan,Union Sq,87514,2181945.72,24.93,2.24,14.94
48,Manhattan,Clinton East,82473,2175491.46,26.38,2.8,15.24
239,Manhattan,Upper West Side South,81391,1940259.44,23.84,2.47,13.58
249,Manhattan,West Village,75360,1911234.54,25.36,2.53,15.12
246,Manhattan,West Chelsea/Hudson Yards,69671,1882318.91,27.02,2.58,16.19
164,Manhattan,Midtown South,70574,1868505.97,26.48,2.53,15.51
140,Manhattan,Lenox Hill East,67157,1644252.86,24.48,2.67,14.61
141,Manhattan,Lenox Hill West,72104,1631151.48,22.62,2.28,13.07
107,Manhattan,Gramercy,60655,1484897.98,24.48,2.41,14.51
263,Manhattan,Yorkville West,61443,1431160.33,23.29,2.77,13.22
231,Manhattan,TriBeCa/Civic Center,46670,1399965.1,30.0,3.42,17.93
238,Manhattan,Upper West Side North,58655,1374377.24,23.43,2.71,13.35
100,Manhattan,Garment District,49652,1347171.61,27.13,2.6,16.22
148,Manhattan,Lower East Side,47061,1337177.98,28.41,3.54,16.94
229,Manhattan,Sutton Place/Turtle Bay North,53984,1316130.9,24.38,2.35,14.29
90,Manhattan,Flatiron,52717,1313652.05,24.92,2.38,14.67
114,Manhattan,Greenwich Village South,45819,1182730.73,25.81,2.59,15.53
262,Manhattan,Yorkville East,46634,1134067.58,24.32,2.97,13.91
113,Manhattan,Greenwich Village North,44665,1114144.21,24.94,2.28,15.08
144,Manhattan,Little Italy/NoLiTa,38605,1087277.12,28.16,2.87,17.69
233,Manhattan,UN/Turtle Bay South,38409,1015840.12,26.45,2.72,15.33
137,Manhattan,Kips Bay,40314,981266.94,24.34,2.7,14.72
158,Manhattan,Meatpacking/West Village West,34984,968576.97,27.69,2.8,16.54
43,Manhattan,Central Park,37903,937081.69,24.72,2.31,15.01
87,Manhattan,Financial District North,27380,912590.86,33.33,4.54,19.62
143,Manhattan,Lincoln Square West,37092,888600.0,23.96,2.55,14.08
13,Manhattan,Battery Park City,23732,814046.61,34.3,4.35,18.95
211,Manhattan,SoHo,28983,808643.04,27.9,2.68,17.42
50,Manhattan,Clinton West,27602,720934.08,26.12,2.96,15.44
75,Manhattan,East Harlem South,25723,629572.36,24.48,3.39,15.61
151,Manhattan,Manhattan Valley,26878,628363.26,23.38,2.96,14.37
261,Manhattan,World Trade Center,17755,600417.15,33.82,4.12,20.39
70,Queens,East Elmhurst,7912,532709.97,67.33,9.39,30.28
88,Manhattan,Financial District South,14276,501974.71,35.16,4.73,20.28
166,Manhattan,Morningside Heights,18762,496617.41,26.47,3.65,17.28
125,Manhattan,Hudson Sq,17388,486498.75,27.98,2.91,16.69
41,Manhattan,Central Harlem,16086,423122.79,26.3,3.92,17.58
4,Manhattan,Alphabet City,14992,382541.04,25.52,3.4,16.73
74,Manhattan,East Harlem North,14264,369883.09,25.93,4.24,17.41
232,Manhattan,Two Bridges/Seward Park,11815,350096.3,29.63,4.17,18.7
42,Manhattan,Central Harlem North,11323,327751.29,28.95,5.04,19.23
255,Brooklyn,Williamsburg (North Side),8837,305361.9,34.55,4.83,21.64
45,Manhattan,Chinatown,9350,286547.92,30.65,3.87,19.52
244,Manhattan,Washington Heights South,8570,279422.91,32.6,6.46,20.7
209,Manhattan,Seaport,8460,275838.59,32.61,4.43,18.89
145,Queens,Long Island City/Hunters Point,7003,271301.96,38.74,5.1,20.6
24,Manhattan,Bloomingdale,10399,259329.16,24.94,3.4,16.13
226,Queens,Sunnyside,5499,249461.36,45.36,5.52,21.31
116,Manhattan,Hamilton Heights,8180,249260.48,30.47,5.51,20.57
7,Queens,Astoria,7301,239213.76,32.76,5.24,21.85
224,Manhattan,Stuy Town/Peter Cooper Village,9152,229060.96,25.03,3.14,15.78
256,Brooklyn,Williamsburg (South Side),6072,212708.65,35.03,4.91,21.79
112,Brooklyn,Greenpoint,5779,201435.98,34.86,4.77,21.85
80,Brooklyn,East Williamsburg,4965,194312.72,39.14,5.55,21.74
37,Brooklyn,Bushwick South,4969,191381.38,38.52,5.68,24.91
66,Brooklyn,DUMBO/Vinegar Hill,4832,177757.19,36.79,5.09,22.59
33,Brooklyn,Brooklyn Heights,4123,152967.23,37.1,5.44,22.78
216,Queens,South Ozone Park,2004,150889.95,75.29,3.95,11.15
97,Brooklyn,Fort Greene,4217,148502.8,35.22,5.31,22.69
61,Brooklyn,Crown Heights North,3750,142776.73,38.07,5.73,26.38
152,Manhattan,Manhattanville,5077,141372.04,27.85,4.8,18.8
129,Queens,Jackson Heights,3077,141132.32,45.87,4.67,16.6
65,Brooklyn,Downtown Brooklyn/MetroTech,4048,140012.72,34.59,5.08,21.49
181,Brooklyn,Park Slope,3263,132973.24,40.75,6.19,26.92
243,Manhattan,Washington Heights North,3717,131681.47,35.43,7.23,22.01
25,Brooklyn,Boerum Hill,3417,121602.59,35.59,5.43,23.15
264,Unknown,N/A,3172,116949.61,36.87,4.99,20.3
225,Brooklyn,Stuyvesant Heights,2960,115284.82,38.95,5.56,26.91
36,Brooklyn,Bushwick North,2901,111578.3,38.46,5.78,23.88
223,Queens,Steinway,2543,111302.15,43.77,6.07,21.6
146,Queens,Long Island City/Queens Plaza,3445,109435.26,31.77,4.31,19.7
265,N/A,Outside of NYC,971,102628.37,105.69,6.87,13.7
179,Queens,Old Astoria,2772,96052.5,34.65,5.5,24.08
49,Brooklyn,Clinton Hill,2583,95930.56,37.14,5.46,24.53
17,Brooklyn,Bedford,2565,94103.12,36.69,5.56,24.72
10,Queens,Baisley Park,1146,86514.48,75.49,10.81,33.14
130,Queens,Jamaica,2019,82777.95,41.0,7.48,22.12
93,Queens,Flushing Meadows-Corona Park,1061,78725.86,74.2,9.19,23.55
247,Bronx,West Concourse,1523,74170.57,48.7,6.88,23.33
260,Queens,Woodside,1740,67878.59,39.01,5.02,19.18
188,Brooklyn,Prospect-Lefferts Gardens,1759,64928.48,36.91,5.76,25.94
89,Brooklyn,Flatbush/Ditmas Park,1543,64835.48,42.02,7.26,27.47
193,Queens,Queensbridge/Ravenswood,1929,63808.31,33.08,4.66,21.9
157,Queens,Maspeth,1362,59441.61,43.64,5.92,19.86
197,Queens,Richmond Hill,1098,57845.5,52.68,4.83,15.44
228,Brooklyn,Sunset Park West,1285,55792.59,43.42,7.38,26.25
127,Manhattan,Inwood,1550,55293.92,35.67,7.54,21.93
168,Bronx,Mott Haven/Port Morris,1702,54899.26,32.26,5.69,20.46
195,Brooklyn,Red Hook,1093,54212.01,49.6,7.22,28.14
40,Brooklyn,Carroll Gardens,1315,54106.84,41.15,6.38,25.35
12,Manhattan,Battery Park,1529,52972.15,34.64,4.25,21.74
189,Brooklyn,Prospect Heights,1313,50291.32,38.3,5.77,25.91
95,Queens,Forest Hills,1234,49211.58,39.88,6.74,22.48
76,Brooklyn,East New York,1544,46670.59,30.23,5.34,21.96
82,Queens,Elmhurst,1366,45960.26,33.65,5.1,19.76
52,Brooklyn,Cobble Hill,1160,43525.59,37.52,5.63,23.33
177,Brooklyn,Ocean Hill,1236,42419.97,34.32,5.14,24.66
198,Queens,Ridgewood,1145,41041.39,35.84,5.05,22.28
215,Queens,South Jamaica,691,41002.19,59.34,8.7,26.2
219,Queens,Springfield Gardens South,483,35819.24,74.16,10.07,28.14
134,Queens,Kew Gardens,577,35718.21,61.9,5.57,16.7
62,Brooklyn,Crown Heights South,948,35571.26,37.52,5.78,26.51
39,Brooklyn,Canarsie,1115,34016.18,30.51,4.86,20.69
106,Brooklyn,Gowanus,848,33239.91,39.2,6.32,25.47
119,Bronx,Highbridge,646,31262.73,48.39,7.37,24.29
69,Bronx,East Concourse/Concourse Village,800,30869.5,38.59,6.16,23.86
83,Queens,Elmhurst/Maspeth,634,29732.79,46.9,4.68,16.37
72,Brooklyn,East Flatbush/Remsen Village,943,29439.66,31.22,4.77,22.68
92,Queens,Flushing,759,27625.5,36.4,6.98,21.62
71,Brooklyn,East Flatbush/Farragut,820,27486.92,33.52,5.28,23.97
196,Queens,Rego Park,580,26995.14,46.54,6.47,22.66
85,Brooklyn,Erasmus,722,26554.4,36.78,6.01,26.72
28,Queens,Briarwood/Jamaica Hills,526,26178.33,49.77,7.56,20.99
35,Brooklyn,Brownsville,886,26026.32,29.38,4.66,22.11
14,Brooklyn,Bay Ridge,554,24695.74,44.58,8.46,26.42
133,Brooklyn,Kensington,488,21895.69,44.87,7.99,27.93
159,Bronx,Melrose South,729,21021.87,28.84,4.77,20.1
91,Brooklyn,Flatlands,651,20937.62,32.16,5.23,23.17
213,Bronx,Soundview/Castle Hill,561,19825.54,35.34,6.85,23.58
34,Brooklyn,Brooklyn Navy Yard,481,18281.88,38.01,5.45,21.34
63,Brooklyn,Cypress Hills,532,18080.35,33.99,6.16,23.4
258,Queens,Woodhaven,480,17924.8,37.34,6.75,24.85
56,Queens,Corona,443,17581.03,39.69,6.35,22.26
257,Brooklyn,Windsor Terrace,348,16481.44,47.36,8.11,27.09
124,Queens,Howard Beach,348,16404.02,47.14,7.68,23.03
202,Manhattan,Roosevelt Island,429,16239.78,37.85,5.69,24.54
160,Queens,Middle Village,333,15483.84,46.5,6.21,22.94
194,Manhattan,Randalls Island,259,15187.38,58.64,6.27,22.04
220,Bronx,Spuyten Duyvil/Kingsbridge,382,14459.76,37.85,7.44,21.39
1,EWR,Newark Airport,113,14269.88,126.28,1.89,5.22
167,Bronx,Morrisania/Melrose,450,13759.53,30.58,5.23,21.54
169,Bronx,Mount Hope,444,13712.53,30.88,5.51,20.12
235,Bronx,University Heights/Morris Heights,413,13681.01,33.13,6.33,21.3
254,Bronx,Williamsbridge/Olinville,420,13250.76,31.55,7.74,20.9
205,Queens,Saint Albans,376,13141.68,34.95,7.21,23.97
51,Bronx,Co-Op City,351,12956.14,36.91,8.03,22.91
77,Brooklyn,East New York/Pennsylvania Avenue,391,12728.05,32.55,5.87,24.48
55,Brooklyn,Coney Island,322,12441.39,38.64,7.71,24.83
227,Brooklyn,Sunset Park East,306,12439.54,40.65,6.96,26.84
212,Bronx,Soundview/Bruckner,374,12160.05,32.51,6.17,21.57
248,Bronx,West Farms/Bronx River,336,12035.68,35.82,7.38,23.01
78,Bronx,East Tremont,396,12015.03,30.34,5.79,20.8
191,Queens,Queens Village,354,11972.55,33.82,7.47,20.96
54,Brooklyn,Columbia Street,312,11777.38,37.75,5.59,23.11
259,Bronx,Woodlawn/Wakefield,339,11688.5,34.48,8.21,21.96
182,Bronx,Parkchester,301,11391.01,37.84,7.52,26.47
217,Brooklyn,South Williamsburg,327,11222.28,34.32,5.18,22.88
207,Queens,Saint Michaels Cemetery/Woodside,176,11174.3,63.49,5.06,18.62
180,Queens,Ozone Park,264,11133.42,42.17,6.24,21.56
131,Queens,Jamaica Estates,294,10953.67,37.26,7.73,22.46
173,Queens,North Corona,337,10776.56,31.98,5.34,17.87
241,Bronx,Van Cortlandt Village,301,10655.65,35.4,7.12,23.56
208,Bronx,Schuylerville/Edgewater Park,232,10489.91,45.22,8.63,23.95
18,Bronx,Bedford Park,341,10411.58,30.53,6.1,20.69
126,Bronx,Hunts Point,318,10369.15,32.61,5.91,20.91
102,Queens,Glendale,300,9958.92,33.2,5.0,20.87
200,Bronx,Riverdale/North Riverdale/Fieldston,216,9794.19,45.34,8.84,22.68
218,Queens,Springfield Gardens North,224,8875.87,39.62,8.59,26.48
174,Bronx,Norwood,235,8487.79,36.12,7.86,23.52
47,Bronx,Claremont/Bathgate,294,8360.45,28.44,5.27,19.96
203,Queens,Rosedale,188,8272.81,44.0,9.57,27.37
60,Bronx,Crotona Park East,249,8194.92,32.91,6.85,21.13
250,Bronx,Westchester Village/Unionport,219,8153.44,37.23,7.78,24.01
147,Bronx,Longwood,245,7943.44,32.42,5.75,23.28
121,Queens,Hillcrest/Pomonok,232,7823.79,33.72,6.23,20.54
26,Brooklyn,Borough Park,231,7706.49,33.36,5.24,22.78
136,Bronx,Kingsbridge Heights,229,7705.76,33.65,6.42,22.11
155,Brooklyn,Marine Park/Mill Basin,235,7488.8,31.87,5.15,21.0
67,Brooklyn,Dyker Heights,171,7316.4,42.79,7.82,25.31
190,Brooklyn,Prospect Park,189,7299.45,38.62,5.73,26.92
53,Queens,College Point,177,7173.47,40.53,7.54,23.49
165,Brooklyn,Midwood,180,7037.95,39.1,6.55,26.64
81,Bronx,Eastchester,217,6911.15,31.85,7.29,19.95
117,Queens,Hammels/Arverne,143,6864.23,48.0,8.63,27.6
38,Queens,Cambria Heights,151,6687.5,44.29,9.37,25.25
139,Queens,Laurelton,161,6286.87,39.05,8.58,27.63
128,Manhattan,Inwood Hill Park,161,6167.08,38.3,6.97,22.14
135,Queens,Kew Gardens Hills,166,6144.95,37.02,7.32,22.41
86,Queens,Far Rockaway,174,6112.12,35.13,6.96,22.55
122,Queens,Hollis,179,6046.12,33.78,7.03,22.57
101,Queens,Glen Oaks,127,5997.73,47.23,10.04,24.01
22,Brooklyn,Bensonhurst West,182,5989.71,32.91,6.0,21.28
252,Queens,Whitestone,142,5869.46,41.33,8.06,20.72
32,Bronx,Bronxdale,169,5831.69,34.51,8.08,22.77
20,Bronx,Belmont,160,5715.1,35.72,6.12,21.82
19,Queens,Bellerose,127,5655.83,44.53,8.32,21.42
171,Queens,Murray Hill-Queens,165,5513.53,33.42,7.16,22.01
201,Queens,Rockaway Park,114,5341.07,46.85,7.92,23.02
210,Brooklyn,Sheepshead Bay,171,5270.31,30.82,6.02,20.11
242,Bronx,Van Nest/Morris Park,159,5163.68,32.48,6.35,21.1
222,Brooklyn,Starrett City,147,5113.77,34.79,6.73,26.41
16,Queens,Bayside,127,4849.65,38.19,8.25,21.63
192,Queens,Queensboro Hill,141,4807.63,34.1,6.78,19.76
185,Bronx,Pelham Parkway,151,4699.13,31.12,6.8,21.59
175,Queens,Oakland Gardens,111,4477.45,40.34,7.9,19.84
94,Bronx,Fordham South,156,4170.21,26.73,4.28,19.02
98,Queens,Fresh Meadows,113,3915.64,34.65,7.08,20.8
64,Queens,Douglaston,96,3897.18,40.6,8.91,22.4
253,Queens,Willets Point,52,3876.88,74.56,9.94,26.88
3,Bronx,Allerton/Pelham Gardens,125,3780.3,30.24,6.64,18.17
29,Brooklyn,Brighton Beach,104,3759.09,36.15,6.89,21.58
123,Brooklyn,Homecrest,112,3728.95,33.29,6.39,24.37
21,Brooklyn,Bensonhurst East,99,3634.99,36.72,7.5,24.52
183,Bronx,Pelham Bay,89,3485.42,39.16,8.59,23.73
31,Bronx,Bronx Park,65,3340.36,51.39,9.24,29.6
8,Queens,Astoria Park,54,3123.28,57.84,6.18,20.75
15,Queens,Bay Terrace/Fort Totten,75,2961.65,39.49,8.52,23.62
27,Queens,Breezy Point/Fort Tilden/Riis Beach,50,2921.06,58.42,10.31,30.0
9,Queens,Auburndale,71,2818.7,39.7,8.27,24.48
240,Bronx,Van Cortlandt Park,68,2770.21,40.74,8.81,24.06
153,Manhattan,Marble Hill,97,2759.34,28.45,5.31,19.43
120,Manhattan,Highbridge Park,75,2692.25,35.9,6.49,18.71
11,Brooklyn,Bath Beach,77,2615.34,33.97,6.06,18.77
96,Queens,Forest Park/Highland Park,50,2512.35,50.25,6.88,24.79
150,Brooklyn,Manhattan Beach,65,2388.59,36.75,6.85,19.71
108,Brooklyn,Gravesend,65,2329.49,35.84,6.66,24.17
57,Queens,Corona,46,2200.9,47.85,7.72,25.2
149,Brooklyn,Madison,77,2101.64,27.29,3.94,20.74
73,Queens,East Flushing,63,1905.29,30.24,5.59,19.51
6,Staten Island,Arrochar/Fort Wadsworth,59,1831.55,31.04,7.29,25.81
178,Brooklyn,Ocean Parkway South,40,1793.32,44.83,8.3,28.68
46,Bronx,City Island,34,1740.01,51.18,12.1,30.71
184,Bronx,Pelham Bay Park,42,1717.65,40.9,8.59,24.61
154,Brooklyn,Marine Park/Floyd Bennett Field,34,1605.65,47.22,7.38,21.82
221,Staten Island,Stapleton,34,1355.09,39.86,8.62,21.47
214,Staten Island,South Beach/Dongan Hills,30,1316.74,43.89,8.75,23.02
58,Bronx,Country Club,32,1314.9,41.09,7.71,22.98
115,Staten Island,Grymes Hill/Clifton,24,1296.11,54.0,9.99,24.53
118,Staten Island,Heartland Village/Todt Hill,19,1215.81,63.99,11.1,28.18
251,Staten Island,Westerleigh,18,1151.62,63.98,13.25,27.81
23,Staten Island,Bloomfield/Emerson Hill,19,943.9,49.68,10.91,25.85
111,Brooklyn,Green-Wood Cemetery,21,941.98,44.86,7.98,29.95
156,Staten Island,Mariners Harbor,10,885.99,88.6,12.3,27.29
109,Staten Island,Great Kills,13,778.49,59.88,11.13,29.84
2,Queens,Jamaica Bay,12,762.83,63.57,14.4,34.49
206,Staten Island,Saint George/New Brighton,13,752.54,57.89,11.99,26.67
172,Staten Island,New Dorp/Midland Beach,14,725.21,51.8,9.17,27.36
245,Staten Island,West Brighton,9,666.85,74.09,13.97,31.55
59,Bronx,Crotona Park,25,620.79,24.83,4.38,18.95
176,Staten Island,Oakwood,9,535.18,59.46,11.74,29.06
30,Queens,Broad Channel,19,531.12,27.95,5.37,14.65
44,Staten Island,Charleston/Tottenville,6,503.42,83.9,22.17,40.09
187,Staten Island,Port Richmond,7,417.14,59.59,12.96,27.36
5,Staten Island,Arden Heights,2,117.91,58.96,9.47,15.82
204,Staten Island,Rossville/Woodrow,2,114.0,57.0,3.47,10.93
199,Bronx,Rikers Island,1,20.28,20.28,3.04,4.08
84,Staten Island,Eltingville/Annadale/Prince's Bay,1,11.5,11.5,2.9,9.57
