hora,cantidad_viajes,ingresos_totales,importe_promedio,distancia_promedio,duracion_promedio
0,111647,3527753.66,31.6,4.52,16.4
1,72539,2153860.59,29.69,4.41,15.41
2,48643,1392034.94,28.62,4.33,15.02
3,34596,1045923.88,30.23,4.75,15.3
4,29414,987748.66,33.58,5.45,15.7
5,32277,1092866.22,33.86,5.58,15.22
6,57424,1713240.79,29.83,4.64,14.82
7,93818,2703545.25,28.82,3.98,15.55
8,135710,3924637.74,28.92,3.47,16.97
9,143119,4107759.43,28.7,3.29,17.13
10,143203,4126314.3,28.81,3.26,17.16
11,157528,4653113.66,29.54,3.32,17.92
12,170627,4979286.33,29.18,3.16,17.77
13,182659,5452132.09,29.85,3.26,18.33
14,194652,6087606.95,31.27,3.54,19.34
15,194450,6073972.09,31.24,3.47,19.67
16,187156,6071649.37,32.44,3.4,19.11
17,204631,6379960.84,31.18,3.14,18.22
18,209892,6231311.77,29.69,3.03,16.6
19,193621,5732815.48,29.61,3.21,16.05
20,193657,5629657.69,29.07,3.51,15.97
21,202686,5941275.16,29.31,3.54,16.33
22,193070,5833910.73,30.22,3.83,16.81
23,157561,4891446.2,31.04,4.21,16.96
